,MDS_x,MDS_y,Entity,tsne_x,tsne_y,scluster6,kmeans6
13561,-2.6196910466315697,8.100921876554922,Abkhazia,-18.88941,-9.612277,0,2
0,-2.576544729454559,8.139680195567475,Afghanistan,-19.27835,-9.565024,0,2
58,2.092200616496629,7.616071599502939,Africa,-8.689004,1.6592863,0,2
13562,-2.8102069070268256,4.074547956718408,Akrotiri and Dhekelia,-6.498229,-0.4123972,0,2
116,-2.9846840871957103,1.9585019736169482,Albania,5.735429,-5.220007,0,0
174,0.28960957405542737,5.394256369543365,Algeria,-3.2293031,-10.857336,0,2
232,-2.916428346515349,5.348690584870527,American Samoa,-11.535325,-6.0417876,0,2
290,28.82508645474117,2.5960598180617738,Americas,2.5920684,13.120462,1,1
13563,13.299695379972627,4.927637602192005,Andorra,2.493371,11.167458,2,1
348,0.9152523586100826,5.319985702268481,Angola,-1.9318923,-11.133638,0,2
13564,-0.25698585808332447,6.217249726995821,Anguilla,-5.550889,-11.530997,0,2
13565,-1.4774613293199692,7.173582720812162,Antarctica,-18.468128,-4.9570494,0,2
406,-2.4262376923399547,8.222030521770876,Antigua and Barbuda,-20.075705,-8.835616,0,2
464,-0.8571619626250276,7.262670672845703,Argentina,-14.08375,-3.6040747,0,2
522,7.666254183525614,0.6232731753005533,Armenia,-0.110664204,3.8200543,0,0
13566,15.779949875446079,-5.67826882640601,Aruba,4.0557075,12.0836525,1,1
549,28.357704898980113,-13.847202775691954,Asia,4.6380534,14.091802,0,1
607,8.15292923611161,-1.0308218351589666,"Asia, Central",5.7948003,9.584075,4,0
634,-1.9513666795259756,2.980185799997456,Australia,-5.106378,-0.87758934,0,0
692,-1.2294636288044092,2.398654693500407,Australia & New Zealand,-4.8772273,-0.09717557,0,0
750,-3.1460517693960193,-5.077640758282298,Austria,9.537319,10.505638,4,3
13567,-1.9898895652215534,-1.285660394172528,Austria-Hungary,8.780963,0.72106016,0,0
808,1.240330065617509,3.210907024893147,Azerbaijan,-0.22595607,-5.1535287,0,0
13568,-2.30105367642046,2.9148666491375304,Baden,-1.6567987,-4.5664124,0,0
835,-3.8244902468951656,2.937457006258721,Bahamas,5.1139746,-6.1895566,0,2
893,-1.5708241720658704,-3.8218355794780066,Bahrain,10.537556,9.1138315,4,3
951,-0.3768182730088,-10.500500122122416,Bangladesh,14.680747,14.098342,4,3
1009,4.010965861559587,-5.223804379205635,Barbados,17.32698,8.158852,4,3
13569,4.694136140432701,-7.1538063356979595,Bavaria,17.659843,8.941245,4,3
1067,5.455931733785232,-9.518394364701408,Belarus,18.238794,10.102871,4,3
1094,1.732004220888949,-17.786990650859163,Belgium,18.41801,14.599336,3,4
1113,4.371540585329655,-18.645461286099493,Belgium-Luxembourg,19.148079,14.132256,5,4
1152,4.5754362140010025,-12.37147931627013,Belize,18.239428,11.905541,5,3
1210,3.853139588358162,2.5706084886048006,Benin,13.4469795,-0.342479,0,0
1268,-6.680528911059616,-7.744745723868781,Bermuda,10.002352,12.943701,4,3
1326,1.6915501329935483,4.064021777579377,Bhutan,0.23370336,-10.830035,0,0
1384,-2.3051120630714674,8.085688077691751,Bolivia,-19.370396,-8.6553135,0,2
13570,-1.6763820240653204,5.301113896162358,Bonaire Sint Eustatius and Saba,-7.67757,-8.413098,0,2
1442,0.43831753894118075,2.383553518065798,Bosnia and Herzegovina,-0.68627554,0.9442244,0,0
1469,0.09267319184795848,-1.0373220991428855,Botswana,8.102898,3.8157458,0,0
13571,1.427052975496118,-0.6242612446115707,Bouvet Island,5.673393,5.810027,0,0
1527,-2.2786546532955234,-2.272911695903177,Brazil,4.5325737,7.376348,0,0
13572,1.6085479486505616,-0.45329238344068534,British Indian Ocean Territory,5.698163,5.778803,0,0
1585,0.82334910955703,-0.6152792655661827,British Virgin Islands,10.196196,2.8952644,0,0
1643,-1.553311976272968,5.682016798005577,Brunei,-8.507695,-9.806042,0,2
1701,-3.318382826300067,-1.3895139397840415,Bulgaria,8.646918,-4.2162013,0,0
1759,2.374274924665651,3.9152323589104228,Burkina Faso,1.0893623,-11.106583,0,0
1817,-2.214766767502977,8.125705802077237,Burundi,-19.97461,-8.139037,0,2
1875,-2.58453525013378,7.884097181854382,Cambodia,-18.295033,-9.197492,0,2
1933,-2.0416005554050605,7.652280197157995,Cameroon,-18.806807,-7.041203,0,2
1991,-4.013729278992361,3.107751892135533,Canada,-7.244312,-1.626296,0,2
2049,-0.09867953023173531,0.36359631543025805,Cape Verde,5.5910144,1.2104324,0,0
2107,-0.9558367343956203,4.180333547891541,Caribbean,-4.1153193,-6.319937,0,2
13573,-0.9813106123563916,5.730995503769825,Cayman Islands,-6.5313234,-10.22031,0,2
2165,-1.1397391781461133,7.256095948241492,Central African Republic,-19.166548,-4.3402696,0,2
2223,-4.366457744981784,4.037729698878817,Central America,-7.6340365,-1.4493524,0,2
2281,-1.3905303287043993,-3.8912441179026502,Chad,10.675014,9.120724,4,3
13574,-1.5313075892924617,-7.6336227727444275,Channel Islands,13.426514,12.176826,4,3
2339,-2.0532505652993454,-11.811119089054511,Chile,14.455717,15.023799,4,3
2397,16.375687319430057,-24.131772120257423,China,6.714406,15.254564,1,4
13575,11.89103777184952,-20.43014796568093,Christmas Island,17.239004,15.617736,1,4
13576,7.78354815076925,-17.93676132822102,Cocos Islands,17.68552,15.042543,1,4
2455,3.995826937963048,-16.81657251117013,Colombia,18.58599,13.973796,3,4
2513,3.974857733292648,-12.92801688725576,Comoros,18.495342,12.494019,5,4
2571,1.9441795683150584,4.448720705471766,Congo,-0.044545595,-11.43043,0,2
2629,-2.8822094693092932,8.078416923795746,Cook Islands,-18.88305,-10.403093,0,2
2687,-6.327308793917898,-6.198833980639434,Costa Rica,9.944048,12.568243,4,3
2745,-6.174419395781479,-3.121976178338486,Cote d'Ivoire,14.597608,1.2629342,0,0
2803,-4.639760607080803,-8.31784911867899,Croatia,11.745967,15.292567,4,3
2830,3.3048728701354464,1.3303242183244226,Cuba,13.188008,0.5774559,0,0
13577,0.17904900752195135,1.1612530451188459,Curacao,3.571566,-0.11381618,0,0
2888,-3.0131500183560394,0.8537426799573846,Cyprus,6.886237,-4.256214,0,0
2946,-1.2193105358776544,-4.409455654668171,Czechia,11.401798,7.572621,4,3
2972,5.162249636320624,-4.298591564157772,Czechoslovakia,16.720705,6.914464,4,3
3004,2.088720730531287,4.511253876138365,Democratic Republic of Congo,0.16329989,-11.980916,0,2
3062,-4.8064064530536355,0.14341517986426022,Denmark,8.18297,-5.7725873,0,0
3120,1.176075178520535,-2.0535730417319575,Djibouti,11.778318,4.4671636,4,0
3178,-0.49400017995468376,5.596273318473382,Dominica,-5.507948,-10.770244,0,2
3236,-3.398171960877759,4.1149947217141145,Dominican Republic,-8.056344,-3.7048814,0,2
13579,-1.3285417639241452,4.478844451653373,East Germany,-5.0003743,-6.0748887,0,2
3294,0.6738550188077195,4.860069679435512,Eastern Africa,-2.6583354,-11.978263,0,2
3352,-10.189765793023348,-24.17866405529346,Eastern Asia,6.404427,15.051494,0,1
3410,15.02185539171965,-4.54289288560561,Eastern Europe,5.255294,11.485162,1,3
3468,-2.4400201577268668,0.9468056111821765,Ecuador,6.1967554,-3.6164374,0,0
3526,0.7437326416451607,-34.34297298188926,Egypt,17.811304,17.299112,2,4
3584,-0.024092048768273082,-23.796440772675073,El Salvador,20.15939,12.838207,0,4
3642,0.5554232796820843,2.660925659860331,Equatorial Guinea,1.6034635,-4.490447,0,0
3700,1.462688626361299,4.570050696870932,Eritrea,-0.74438214,-11.804801,0,2
13580,0.4573141605230547,3.5304868533242315,Eritrea and Ethiopia,-0.6480315,-8.149367,0,0
3726,-0.569044238396553,2.446594023188035,Estonia,-0.42305303,-0.018784128,0,0
3753,-0.0962093872738513,3.2636291611128514,Eswatini,-0.30114225,-6.624481,0,0
3811,-0.6294143581292959,5.426310705983816,Ethiopia,-5.450834,-10.140952,0,2
3837,4.358927576052036,7.600391903635329,Ethiopia PDR,-9.168623,1.1867778,0,2
3869,28.93992103391097,5.790249627180207,Europe,2.4317508,13.021356,1,1
3927,9.152644023465072,-8.18151265544253,"Europe, Western",6.7767835,12.475928,4,3
3985,19.91104835881539,-6.983114961555432,European Union,4.030185,12.601198,1,1
4043,1.8483203009438232,-5.468976400331126,Faeroe Islands,14.631929,7.8041224,4,3
4096,0.1426002957783912,-1.5440544828915659,Falkland Islands,9.494333,3.814283,4,0
4154,0.15770076650099535,2.704102591556742,Fiji,0.8222875,-5.2348948,0,0
4212,-3.2247621718817765,-1.1851344713728353,Finland,8.996948,-3.521125,0,0
4270,-0.3403122897287764,-7.570732574171649,France,12.313791,13.125742,4,3
4328,2.1659161596048007,-5.1010780352151786,French Guiana,15.594844,8.750889,4,3
4386,0.2677154059855153,4.216127820107508,French Polynesia,-1.5010513,-9.367536,0,2
13581,-0.9106512312026721,6.010287697215034,French Southern Territories,-6.585594,-10.750045,0,2
4444,-2.085528404163749,7.791120434657716,Gabon,-18.809416,-7.600217,0,2
4502,-1.8553891308033752,7.440318798682941,Gambia,-18.502226,-6.193121,0,2
4560,2.9660039739288755,0.40655785808834977,Georgia,-0.48112258,2.7188594,0,0
4587,1.0452063111676273,-12.557595872209022,Germany,15.687638,14.54371,4,3
4645,4.500999776514039,2.3066098363274836,Ghana,13.8777485,0.07204142,0,0
13582,0.53126532538845,1.6330419309159,Gibraltar,2.9015958,-2.2864819,0,0
4703,-3.461632560072174,1.0170482564583956,Greece,7.0049233,-4.865488,0,0
4761,-0.7641125102554537,-0.20220657434319705,Greenland,6.9911065,1.1272869,0,0
4819,-0.8490315365904747,0.302152327154834,Grenada,6.3951902,0.42520756,0,0
4877,-0.9462971824585471,0.8042678087866421,Guadeloupe,5.6520143,-0.4127142,0,0
4935,-1.056086886912991,1.2997234497640089,Guam,4.8945465,-1.0392084,0,0
4993,-2.414001839629929,0.4850427967202655,Guatemala,5.7731476,-2.9962003,0,0
13583,0.021202528400160185,2.5259291461956703,Guernsey,1.4890966,-2.6434145,0,0
5051,2.1504125395160076,4.498708540514621,Guinea,0.43560103,-11.542493,0,2
5109,-2.770884316054296,6.580725945011278,Guinea-Bissau,-14.439817,-6.78418,0,2
5167,-2.252065307871001,4.827903083710006,Guyana,-7.3712425,-5.346906,0,2
5225,-2.888294427683477,7.458803755298241,Haiti,-16.54447,-8.772412,0,2
13584,-3.0035286084083035,6.849480331782638,Hanover,-14.601775,-7.749082,0,2
13585,-3.1452322814074325,6.23077381738207,Heard Island and McDonald Islands,-12.963225,-6.373409,0,2
13586,-3.3024066308012503,5.603974002938818,Hesse Electoral,-11.675756,-5.3789144,0,2
13587,-3.4641952042976714,5.006860627443622,Hesse Grand Ducal,-10.724723,-4.984716,0,2
5283,-3.6475268846961098,4.310311935551551,Honduras,-9.705441,-4.302285,0,2
5341,-0.5192266130196016,-1.6896894705652155,Hong Kong,9.020847,4.3820944,4,0
5399,-0.5584360916041973,-1.9083339359696376,Hungary,8.904145,5.46043,4,0
5457,0.14318683224986434,-5.522126891026441,Iceland,13.378361,10.104984,4,3
5515,1.4166929892439755,-5.104986967514328,India,13.421741,8.675304,4,3
5573,1.329938735196876,-2.776575770387643,Indonesia,12.634889,5.6737857,4,3
5631,-0.41245683907729785,-0.16832880012657037,Iran,6.2255354,2.0013058,0,0
5689,-1.5113475642320282,4.203223222696914,Iraq,-4.66615,-5.4450006,0,2
5747,-2.266379456639753,-0.36695708783131287,Ireland,7.6198483,-3.0310571,0,0
13588,-1.86173081351221,-3.736936948245391,Isle of Man,9.779136,9.075935,4,3
5805,-1.3019689913020371,-7.370855675758024,Israel,12.848258,12.24287,4,3
5863,2.1339932320430055,-4.94904154189103,Italy,14.661424,8.749957,4,3
5921,0.5775492962302617,2.0336931150986386,Jamaica,2.3659663,-3.4172661,0,0
5979,-3.8250670244879514,-4.450084412260793,Japan,9.705494,11.250128,4,3
13589,-0.9406463047604509,-1.5664403611788813,Jersey,8.764053,1.7146899,0,0
6037,1.6593709421694103,1.0109246404270251,Jordan,11.354827,0.7702331,0,0
6095,0.3270480839286665,5.6359816537988445,Kazakhstan,-3.986389,-11.117335,0,2
6122,-2.9003590591153126,7.110811960544628,Kenya,-15.652822,-8.346711,0,2
6180,-2.202798954820153,6.85569646331909,Kiribati,-16.36942,-6.1574364,0,2
13590,-2.2269414850562512,7.123749784306911,Kosovo,-17.019676,-6.697179,0,2
6238,-2.278471419214859,7.3465802006178516,Kuwait,-17.618721,-7.146836,0,2
6296,-2.4872657233656628,6.603261715985822,Kyrgyzstan,-15.007279,-7.0776052,0,2
6323,-0.7435384979903934,6.988221629392599,Land Locked Developing Countries,-14.702869,-2.663651,0,2
6381,-2.4846595359606125,4.528345245819956,Laos,-7.1702485,-4.639274,0,2
6439,-2.2465537233002637,2.730477914870236,Latvia,-3.4946055,-1.6693965,0,0
6466,1.6964011818910123,4.627431991848595,Least Developed Countries,-2.8776956,-12.816637,0,2
6524,-3.542361284859528,-0.24944636730211228,Lebanon,7.992079,-4.387618,0,0
6582,0.6656827187544403,-3.3995252081467506,Lesotho,12.656615,6.489858,4,3
6640,-0.1218939588052847,1.0567294220572485,Liberia,4.3206806,0.06680526,0,0
6698,-1.0306484712035349,5.455220186269106,Libya,-6.2293897,-10.034002,0,2
13591,0.05541963957762765,4.124097701855788,Liechtenstein,-3.4617674,-7.60209,0,2
6756,2.550029201523337,2.7421625398059963,Lithuania,-1.0485622,2.4301827,0,0
6783,4.996356985401232,-0.35707500753124244,Low Income Food Deficit Countries,4.487417,7.8606267,0,0
6841,-2.2234712097300497,-15.870590320447187,Luxembourg,15.118235,16.235435,3,4
6860,4.886644128434595,-16.440867076908933,Macao,19.045826,13.284688,5,4
6918,2.5049822440803764,4.144831399420885,Madagascar,1.0142909,-11.754303,0,0
6976,-2.7301083322791486,5.963719716247292,Malawi,-13.440946,-5.8471966,0,2
7034,-4.218155162401894,-0.15089065675156765,Malaysia,9.722012,-3.397137,0,0
7092,-1.8908325733393403,5.86860639457709,Maldives,-9.065946,-8.784357,0,2
7150,-0.12768943570822158,3.249423046439629,Mali,-0.013426356,-6.175989,0,0
7208,-10.951051609761445,-3.3754497634022367,Malta,8.968319,-7.7264156,3,0
13592,2.0694114498197123,2.0020920950853105,Marshall Islands,1.6108214,-5.780412,0,0
7266,-1.0728733300338658,-3.000963983251167,Martinique,10.283304,8.347515,4,3
7324,-0.43567079759751803,-6.504994773488263,Mauritania,13.101668,11.193745,4,3
7382,0.8764376528899891,-9.36530325862627,Mauritius,15.359191,12.552718,4,3
13608,1.5005420422185978,-5.682885073704841,Mayotte,15.156956,9.536014,4,3
13609,2.0486605691535624,-2.116991123166539,Mecklenburg Schwerin,12.572978,4.1587763,4,0
7440,2.9241379740706646,1.5952032895243176,Melanesia,12.873051,0.29227868,0,0
7498,-2.618343968400631,2.845186095330869,Mexico,-5.793968,-1.3529434,0,0
7556,-2.822532198703943,3.105497473329051,Micronesia (country),-4.5507345,-2.6717455,0,2
7584,-0.8511312984241316,7.02186397567399,Micronesia (region),-18.995556,-3.45032,0,2
7642,-2.542954317175513,8.549909735442796,Middle Africa,-20.367453,-10.301731,0,2
13610,-2.305049684412519,7.465400355466464,Modena,-17.640224,-8.276531,0,2
7700,-1.8980998464205359,6.47514077760404,Moldova,-10.413483,-8.646104,0,2
13611,-1.2957703409767953,5.653818869730701,Monaco,-8.183698,-8.57965,0,2
7727,-0.6397221306666512,4.825215152941922,Mongolia,-6.084801,-8.219847,0,2
7785,-1.4994738123846236,1.8036880369008905,Montenegro,-0.12781912,-0.25961733,0,0
7798,-0.4092127949344963,0.8082878942553042,Montserrat,5.2326965,0.29473618,0,0
7856,-1.0572898515045777,3.6663032419034365,Morocco,-3.2869992,-5.149769,0,2
7914,-1.3894069163886655,7.006319550747554,Mozambique,-18.207565,-4.497752,0,2
7972,-2.7357883261909257,7.8707439491268465,Myanmar,-18.105124,-9.787126,0,2
13612,-2.409499826144681,7.412686114215238,Nagorno-Karabakh,-17.45624,-8.557772,0,2
8030,-1.8410280953079108,7.095154424304473,Namibia,-17.587646,-5.5850525,0,2
8088,-1.4391076766372137,7.22745158775839,Nauru,-18.9801,-4.987889,0,2
8146,-3.543910095418892,7.210715926237603,Nepal,-15.155016,-9.8945675,0,2
8204,4.562866095352955,4.366943231689735,Net Food Importing Developing Countries,-7.791058,2.00425,0,0
8262,-0.02333067070539915,-25.99583577304833,Netherlands,17.79245,17.056032,0,4
8320,5.3378240691312175,-22.99402789376355,Netherlands Antilles,19.60145,14.46116,5,4
8378,3.6505194418671767,-6.569890047502538,New Caledonia,16.724886,9.372838,4,3
8436,-0.29418416964153227,1.7324974477809862,New Zealand,2.9298606,-1.1818581,0,0
8494,-1.6643028157495123,4.889365958607447,Nicaragua,-6.9747043,-7.4386954,0,2
8552,-0.250381242171128,6.531775195697709,Niger,-6.080183,-11.806988,0,2
8610,-2.6427703862088396,8.30369900086028,Nigeria,-19.688433,-10.348689,0,2
8668,-2.4004925858945607,6.722717061449733,Niue,-15.725002,-6.3037457,0,2
13613,-2.448114189423073,6.431644164976629,Norfolk Island,-14.908535,-6.1140475,0,2
8726,-2.305642381347027,6.300917015426234,North Korea,-14.7429695,-5.822556,0,2
8784,-2.039933573641455,4.134947478726852,North Macedonia,-5.762189,-4.8111477,0,2
8811,-0.904805344486627,2.2282086770474803,Northern Africa,-1.5665953,-1.791311,0,0
8869,16.989314031860566,1.5820076789724056,Northern America,2.898557,11.722969,2,1
13614,10.021506875551815,-2.6815444471326297,Northern Cyprus,4.191951,10.678143,4,3
8927,0.7839655444337359,-7.117597060188144,Northern Europe,12.178665,13.087514,4,3
13615,0.7050621281573665,-8.131882412179701,Northern Mariana Islands,13.929814,12.746696,4,3
8985,0.5249883693158824,-9.794729261044267,Norway,15.118084,13.080766,4,3
13616,2.2295016153945806,-5.641134080035035,OECD,15.14723,8.994801,4,3
9043,3.9047115762625446,-2.1045879803055674,Oceania,13.735844,3.3978105,0,0
9101,-4.4431587304949405,2.6421103953543117,Oman,3.307031,-7.4270816,0,0
9159,1.652435013863593,-4.047646246954508,Pacific Islands Trust Territory,13.003048,7.527063,4,3
9189,-0.14994616743465494,-5.132118900813025,Pakistan,12.520897,9.541525,4,3
13632,-0.7270576080934437,-4.403008789948446,Palau,11.338428,9.484911,4,3
9247,-2.0471786735017066,-3.9703847854073886,Palestine,10.466732,9.813542,4,3
9275,0.9071593331447635,2.5204172426238074,Panama,2.0521514,-4.155229,0,0
9333,-2.327055739232818,6.733468444295775,Papua New Guinea,-15.601567,-7.015224,0,2
9391,-1.8237420699984035,5.7795230477479675,Paraguay,-8.856564,-8.029135,0,2
13633,-2.163066376196829,3.917821815654645,Parma,-5.3732924,-4.0307407,0,2
9449,-2.3184294631239513,2.1512241795883607,Peru,4.6435757,-4.6612425,0,0
9507,-0.07725800255134725,-0.25666969050737976,Philippines,6.895988,3.1232877,0,0
13634,-0.34092165566243837,-1.7294070389680238,Pitcairn,8.25386,5.4981556,4,0
9565,-0.5901539293389568,-3.2452482346150524,Poland,9.776175,7.3114467,4,3
9623,3.030766880014991,2.4352524957673993,Polynesia,3.073444,2.8285444,0,0
9681,-3.667688400226699,1.2406003147083378,Portugal,6.7838035,-5.161277,0,0
9739,-0.5569071371332651,-0.12695012257207006,Puerto Rico,6.694058,1.4981527,0,0
9797,-0.8383264688489942,1.370154671559318,Qatar,4.322992,-0.9291631,0,0
13635,-1.0888781450089642,2.0457439217080475,Republic of Vietnam,-0.020781655,-2.1775877,0,0
9855,-1.1424961303321435,2.950896739634795,Reunion,-2.1559522,-3.8265603,0,0
9913,-1.698400672985724,4.035541597314077,Romania,-5.024695,-4.687603,0,2
9971,-0.8896506534186651,6.406384911726336,Russia,-14.815438,-2.5185194,0,2
9998,-2.0830832689514343,7.957717454058317,Rwanda,-19.671146,-7.4944744,0,2
13636,-2.8619345510308167,7.828971592699904,Saint BarthÃ©lemy,-17.317776,-11.578085,0,2
13637,-3.0204688523252585,7.877609785747262,Saint Helena,-17.29808,-11.532104,0,2
10056,-2.542336947004309,8.154172173107865,Saint Kitts and Nevis,-19.833675,-9.328392,0,2
10114,-3.325042015706067,7.801561385708577,Saint Lucia,-16.93693,-10.22962,0,2
13638,-3.0847945708302307,7.314765699247626,Saint Martin (French part),-16.419178,-11.040363,0,2
10172,-2.1930754669550363,7.096737880793036,Saint Pierre and Miquelon,-17.070515,-6.5117364,0,2
10230,-2.2929370634819226,7.854297034649097,Saint Vincent and the Grenadines,-19.034597,-8.123312,0,2
10288,-2.4502180687429904,8.558497853100201,Samoa,-20.804283,-9.068129,0,2
13639,-3.3273788974860428,6.95041942967821,San Marino,-15.729287,-10.73579,0,2
10346,-3.4567576292286004,5.679568633239243,Sao Tome and Principe,-12.194472,-6.0281725,0,2
10404,-1.8187095252650534,0.6534398126525737,Saudi Arabia,6.6043696,-1.7988479,0,0
13640,-0.8333572218301613,2.7518797907989376,Saxony,-0.7896296,-2.9887788,0,0
10462,0.40241404036475964,5.092706906529844,Senegal,-2.5374415,-10.526659,0,2
10520,-3.98198491463299,0.29584720003745674,Serbia,1.4290693,0.6351834,0,0
10533,-2.7307088760514273,-0.18028629786450884,Serbia and Montenegro,8.227516,-1.5148784,0,0
13642,-0.5556691931565925,1.9733957407428622,Serbia excluding Kosovo,0.91564715,-1.218144,0,0
10547,1.0658278524362055,4.164449204172421,Seychelles,-0.32273918,-10.134913,0,2
10605,-1.8258650893095891,2.4176711262908657,Sierra Leone,-1.9624959,-3.076008,0,0
10663,-1.4129493146442742,0.6354836884282759,Singapore,6.31723,-1.0989294,0,0
13643,-1.0258012509881982,-0.5270310324306915,Sint Maarten (Dutch part),7.3679132,2.268581,0,0
10721,-0.5970445103830065,-1.7553743250254565,Slovakia,8.415846,4.9989924,4,0
10747,-4.030330776030357,-7.889291310125093,Slovenia,11.349299,14.101627,4,3
10774,3.2014050801034553,0.09976233504920536,Small island developing States,13.118358,1.5317582,0,0
10832,-1.6990976600701146,3.682707644980391,Solomon Islands,-4.0167384,-4.4308524,0,2
10890,-1.6366243700858258,3.472637638794681,Somalia,-3.518417,-4.2405553,0,2
13644,-1.6695771815204634,3.2714960497479684,Somaliland,-3.6616066,-3.4400024,0,2
10948,-1.453508092147552,3.2895003498140114,South Africa,-3.3503683,-3.623847,0,2
11006,-9.44504850021799,0.49799413240742957,South America,1.8261628,9.939095,0,0
11064,1.4088454704734166,-1.1037079488343327,South Eastern Asia,4.6925993,6.535,0,0
13645,-0.7254910921314476,-7.967442938591439,South Georgia and the South Sandwich Islands,13.084929,13.12298,4,3
11122,-2.826081059203574,-14.964224389401267,South Korea,15.775247,15.455067,4,4
13646,-0.6826206972461076,-10.60786160149175,South Ossetia,14.98495,13.672446,4,3
11180,0.7383635288014302,-6.608943842267723,South Sudan,14.13847,10.632212,4,3
11187,3.2497492102704086,-1.1832324286694667,Southern Africa,13.4068775,2.5898612,0,0
11245,-3.659563937753987,-1.8019748301175809,Southern Asia,3.8084414,5.948597,0,0
11303,3.7507758810425913,-3.43974904744528,Southern Europe,5.3360515,8.988258,4,3
11361,0.1722632524262473,-1.1308710099775838,Spain,6.9884987,4.7135315,0,0
11419,-1.0304596806112145,-4.908207302088042,Sri Lanka,11.302611,10.274137,4,3
11477,-1.2609022410054316,1.9785454710298949,Sudan,0.20304339,-3.7682076,0,0
11484,-0.8572612827921261,8.113484974533478,Sudan (former),-13.2236185,-9.873845,0,2
11535,6.482215368226251,-1.7518423651388544,Suriname,9.883101,-6.3743134,0,0
13647,-0.3034493404988809,-5.460951015492817,Svalbard and Jan Mayen,12.727174,9.96842,4,3
11593,4.7706653681124935,-8.69843647266713,Sweden,17.671614,10.241009,4,3
11651,-1.083915898609618,-6.701388912649331,Switzerland,12.622949,11.659432,4,3
11709,3.522109848712086,-1.2797328674380224,Syria,12.976664,2.6449807,0,0
11767,-3.1199752236242393,6.432100048422283,Taiwan,-13.627711,-6.8779154,0,2
11825,-3.1748475000362975,3.2017881718165677,Tajikistan,-3.1820648,-1.020928,0,2
11852,1.1561742356317557,4.9110739223316875,Tanzania,-1.2264923,-11.156183,0,2
11910,-4.064823816065117,1.3746489286789323,Thailand,6.900249,-5.89158,0,0
11968,0.37614896750396376,0.8062850554968496,Timor,4.508083,1.0671583,0,0
12026,-1.1115219168060575,6.957094587973279,Togo,-18.463713,-3.985552,0,2
12084,-2.580866923803536,8.529564770176027,Tokelau,-20.579313,-9.659112,0,2
12142,-6.589749913855299,6.5683726456130875,Tonga,-11.536568,-2.749828,0,2
13648,-6.072060747978508,3.13300740217648,Transnistria,-10.17943,-2.3293247,0,2
12200,-6.872306736196682,-0.4009171971556758,Trinidad and Tobago,9.06921,-6.7220006,0,0
12258,4.724871010572958,-0.615918172981973,Tunisia,14.047904,1.7189566,0,0
12316,-2.920013803178381,1.7683272338881049,Turkey,5.32208,-4.6747513,0,0
12374,-3.101315506720888,-0.07026650535985784,Turkmenistan,8.124378,-3.1223247,0,0
13649,-2.0165772766188694,0.23104436787627042,Turks and Caicos Islands,7.460693,-2.066386,0,0
13650,-1.0756308802360708,0.5350632554746009,Tuscany,6.4885926,-0.32421982,0,0
12401,-0.08613550386735767,0.8982003371322825,Tuvalu,4.6449666,0.4678977,0,0
13651,2.3915351716689086,3.399035175272715,Two Sicilies,-4.8027325,1.3731029,0,0
12459,5.901443993967428,6.914514895489477,USSR,-5.2478447,1.9291546,0,2
12490,-1.6011784905047801,7.620949312735616,Uganda,-19.293703,-5.7980137,0,2
12548,-0.33109393537894805,4.130713528430002,Ukraine,-2.7358432,-7.053696,0,2
12575,-3.248961744183178,-5.935040266083055,United Arab Emirates,10.835635,11.952655,4,3
12633,1.9598660965067949,-18.678730345130028,United Kingdom,18.370516,15.564637,3,4
13653,9.031554030127682,-12.748147627960414,United Korea,16.692608,14.443697,1,4
12691,16.335653920981443,-7.651751530866795,United States,4.536692,12.238976,1,1
13654,-1.8933339971488212,-7.989743940198213,United States Minor Outlying Islands,5.0081134,9.983986,4,3
12749,0.27954330889837586,-0.36150693290950436,United States Virgin Islands,8.376421,2.6662898,0,0
12807,-3.1331222496776174,2.4632625243324524,Uruguay,-2.4784997,-0.46417436,0,0
12865,-1.7785391249450548,-8.419138985347793,Uzbekistan,13.040196,14.363041,4,3
12892,2.8758187815252167,-13.055325123810173,Vanuatu,18.141327,12.798102,5,4
13655,2.3246898497624,-8.306066809963308,Vatican,16.381947,10.745526,4,3
12950,1.1048953188261423,-3.7617665962670257,Venezuela,13.236976,7.059417,4,3
13008,-1.0290147184605813,-9.842137944932949,Vietnam,14.206097,13.793347,4,3
13066,2.996549921616114,-6.860056007470421,Wallis and Futuna,16.43313,9.660262,4,3
13656,1.8433172982188415,-0.7651328834879073,West Germany,11.745449,2.939127,0,0
13124,0.6293476006499896,5.419326937773538,Western Africa,-2.952036,-11.627963,0,2
13182,-3.484387628255512,3.191911686452446,Western Asia,-6.7487674,-1.5456898,0,2
13240,-0.8768021172021466,-0.3000921702614728,Western Sahara,7.3006306,1.1355848,0,0
13298,-69.61686897987755,-62.58879857229413,World,18.389523,3.9556897,2,5
13657,45.70672390324996,-1.4127259285360676,Wuerttemburg,2.6332283,13.78374,0,1
13356,0.9688419927616674,4.3764471963325295,Yemen,-0.9578875,-10.519701,0,2
13658,-0.40667719293162485,4.825577202532811,Yemen Arab Republic,-4.3665013,-8.818747,0,2
13659,-1.8157857061824876,5.404214865171442,Yemen People's Republic,-7.8562226,-7.259109,0,2
13414,-3.1974237381993076,6.026769490696764,Yugoslavia,-12.546942,-8.054021,0,2
13445,-3.010176938172394,5.739362070913469,Zambia,-11.928652,-7.3358774,0,2
13661,-1.538882767938606,4.801362928382827,Zanzibar,-6.6532373,-6.946228,0,2
13503,0.13710915905418575,4.076261166587592,Zimbabwe,-1.3836293,-8.918364,0,2
13662,0.029946523361490146,3.925912365648498,Ã…land Islands,-2.0366685,-8.442977,0,2
